station_id;num_bikes_available;num_docks_available;is_renting;is_installed;is_returning;last_reported;geopunt;name
21330;1;2;1;1;1;1682897475;51.0479245, 3.7475342;Emile Moysonlaan
13266;1;2;1;1;1;1682704388;51.0622302, 3.7270899;Gillis Coppinsstraat 2
12083;0;3;1;1;1;1682658026;51.0486187, 3.7234384;Savaanstraat 78
18302;0;3;1;1;1;1680714733;51.0421195, 3.7197052;Laurent Delvaux straat 5
12206;2;4;1;1;1;1682964797;51.0463735, 3.6808789;Campinglaan 14
26354;0;11;1;1;1;1682855271;51.05798, 3.7293022;Baudelo park
16612;1;2;1;1;1;1683011040;51.052673, 3.7093688;Coupure 649
16690;0;3;1;1;1;1682954745;51.0506871, 3.7130943;Papegaaistraat 59
23906;0;6;1;1;1;1681491844;51.0419757, 3.7243206;Artevelde Only underground Kattenberg
18657;1;5;1;1;1;1683027092;51.0426564, 3.7274674;Tweekerkenstraat
12081;0;4;1;1;1;1682977807;51.0596372, 3.7323693;Blekerijstraat 50
12179;3;10;1;1;1;1683009007;51.0492256, 3.6875757;Skate & Parkour
21763;0;3;1;1;1;1680685544;51.0456025, 3.7502217;Zwarte Doos
12116;0;6;1;1;1;1682890438;51.0575622, 3.7391434;Kleindokkaai zuid
12053;0;16;1;1;1;1683021486;51.0407704, 3.7256633;Dronkey 2
12177;1;2;1;1;1;1683002694;51.0390628, 3.7087229;Patijntjestraat 11
16663;0;3;1;1;1;1683013628;51.0327095, 3.7304218;Stropstraat 157
21264;0;3;1;1;1;1681728344;51.0527507, 3.7040082;Spiegelhofstraat
16679;2;0;1;1;1;1683031682;51.0407663, 3.7615006;Emanuel Hielstraat 105
17120;0;3;1;1;1;1682893391;51.0374978, 3.7239026;MSK - Museum voor Schone Kunsten
16666;0;3;1;1;1;1682702525;51.0356267, 3.7405906;Centrumplein 76
12006;1;16;1;1;1;1683026602;51.0561392, 3.7277133;Bij Sint-Jacobs 16
23838;0;3;1;1;1;1682906164;51.0614386, 3.7202492;Az Sint Lucas
12430;0;6;1;1;1;1682526346;51.0327394, 3.7266846;Vlierstraat 85
12207;0;3;1;1;1;1682763006;51.0471052, 3.6824808;Trimlaan 7
26706;0;3;1;1;1;1682938633;51.047414, 3.73934;Forelstraat water
13181;1;5;1;1;1;1683014769;51.0673695, 3.7227782;Gasmeterlaan 191
12382;0;6;1;1;1;1682775475;51.0642562, 3.7324628;Doornzelestraat 70
13387;1;10;1;1;1;1682968474;51.0324413, 3.7590644;P+R Gentbrugge
23262;0;3;1;1;1;1682611554;51.0555936, 3.7317376;Kalvermarkt
22219;0;3;1;1;1;1681455447;51.0449532, 3.738983;Visserij 167
16981;1;5;1;1;1;1682959246;51.0494804, 3.6814601;Bleau
16688;1;2;1;1;1;1682116564;51.0608167, 3.7418876;Kogelstraat 101
12054;0;3;1;1;1;1682842763;51.0441471, 3.7230422;Karel van Hulthemstraat 36
22544;3;0;1;1;1;1683033870;51.0522882, 3.7271215;Gouvernementstraat
13397;1;5;1;1;1;1682901903;51.0377781, 3.7122689;Knokkestraat 56
23635;0;3;1;1;1;1682578104;51.0445745, 3.7535088;Kerkstraat 109
12107;0;3;1;1;1;1682169928;51.0388358, 3.7410998;Driesstraat 1a
21708;0;3;1;1;1;1682721181;51.051715, 3.7066536;Korenbloemstraat 3
23235;2;6;1;1;1;1683019385;51.0348576, 3.7553025;P+R Viaduct Gentbrugge
12030;2;10;1;1;1;1683034087;51.0538131, 3.7335358;Pieter de Keyserestraat
12137;2;4;1;1;1;1683032883;51.0366249, 3.7166989;Fortlaan Citadelpark
12069;0;3;1;1;1;1682420706;51.049469, 3.7396381;Kasteellaan 54
18659;0;12;1;1;1;1683020936;51.0461967, 3.7250625;Jozef Plateaustraat 45
26673;2;4;1;1;1;1683025929;51.0434313, 3.7140364;Hogent Mercator
18458;3;0;1;1;1;1682902973;51.0830462, 3.7281002;Goedendagstraat
12426;1;2;1;1;1;1683035334;51.0383748, 3.7267299;Citadellaan 8
21754;3;0;1;1;1;1682920025;51.0321145, 3.7613247;Braemstraat Nachtwinkel
17222;4;8;1;1;1;1683022151;51.053617, 3.7403016;Flixbus Ghent
12195;0;3;1;1;1;1682845707;51.0509813, 3.7183656;Sint-Martensstraat 1
23143;0;3;1;1;1;1682583846;51.0551582, 3.7085798;Coupure Links 685
21443;0;3;1;1;1;1683010177;51.0611738, 3.7042604;Groendreef 27
23905;1;6;1;1;1;1683033941;51.0408355, 3.7280603;Artevelde Hogeschool Kantienberg
23997;1;3;1;1;1;1683032620;51.0602571, 3.7293461;Nieuwland 1
12196;0;12;1;1;1;1682874304;51.0545287, 3.7173127;Poel 15
16668;1;5;1;1;1;1682821323;51.0312427, 3.7437784;Frans de Coninckstraat 5
13201;1;2;1;1;1;1682798436;51.0337461, 3.7449185;Moriaanstraat 70
16695;0;6;1;1;1;1683022358;51.0606404, 3.7310502;Kongostraat 7
12202;1;2;1;1;1;1683019129;51.059302, 3.720876;Sint-Margrietstraat 30
22541;0;12;1;1;1;1682851032;51.0522187, 3.7248078;Voldersstraat
12313;1;2;1;1;1;1682896166;51.0427279, 3.7520773;Leo Tertzweillaan 42
13283;1;5;1;1;1;1683027195;51.0388912, 3.701733;Koningin Fabiolalaan 76
12065;0;3;1;1;1;1681408944;51.0616534, 3.7211293;Groenebriel 1
12121;3;0;1;1;1;1683002042;51.0529963, 3.7167423;Oude Houtlei 44
12088;0;3;1;1;1;1682462059;51.0374543, 3.7412398;Ledebergplein 39
12114;0;6;1;1;1;1682456204;51.0529075, 3.7387522;Ossenstraat 2
23820;0;3;1;1;1;1682626181;51.0464704, 3.7072633;Jubileumlaan Maison Rouge
22540;0;6;1;1;1;1683031878;51.0521984, 3.7239713;Campus Aula
15151;2;10;1;1;1;1683030793;51.048445, 3.7287204;-1 De Krook (underground)
12011;1;2;1;1;1;1682956439;51.0521669, 3.7174294;Alexianenplein 1
9496;2;4;1;1;1;1682961087;51.0528738, 3.735729;Coyendanspark
13180;1;5;1;1;1;1683009335;51.0525989, 3.7481826;Heernisplein 23a
12084;0;6;1;1;1;1683011165;51.0392373, 3.7295442;Ter Platen 32
16638;0;3;1;1;1;1682964505;51.0565155, 3.6984831;Drongensesteenweg 97
16626;2;5;1;1;1;1683022213;51.0172252, 3.7196675;Gestichtstraat 3
12132;0;3;1;1;1;1680542493;51.0581844, 3.6986053;Ooievaarstraat 66
15085;4;2;1;1;1;1682852436;51.0562604, 3.716088;Het Rustpunt
12351;0;3;1;1;1;1682788547;51.0429065, 3.7234729;Kattenberg 2
12015;0;6;1;1;1;1682789726;51.0526166, 3.7288539;Bisdomplein
12037;1;5;1;1;1;1683028929;51.0576098, 3.7237438;Kraanlei 71
12109;0;6;1;1;1;1682976848;51.0432014, 3.7325584;Franklin Rooseveltlaan 457
12051;0;3;1;1;1;1682962671;51.0368292, 3.7208652;Paul Bergmansdreef 2
12139;0;3;1;1;1;1682878467;51.042648, 3.7104159;Gordunakaai 1
12119;0;3;1;1;1;1682805294;51.0554408, 3.7261504;Onderstraat 71
13318;3;4;1;1;1;1683005246;51.0494639, 3.7051365;Martelaarslaan 12
13260;1;5;1;1;1;1683015452;51.0351541, 3.7151205;Oostendestraat 91
12003;1;5;1;1;1;1682968411;51.0525333, 3.7229279;Voldersstraat 72
24033;9;0;1;1;1;1682832569;51.0993927, 3.7648492;Oostakker hub
12017;0;12;1;1;1;1682950710;51.0526566, 3.7209716;Predikherenlei
21814;0;3;1;1;1;1682960137;51.0392253, 3.7305554;Willem Wenemaerstraat
22584;0;3;1;1;1;1683026393;51.0509608, 3.722596;Center Parking
12212;0;3;1;1;1;1682171362;51.0402815, 3.7529484;Frederik Burvenichstraat 132
16089;0;3;1;1;1;1682585605;51.0630107, 3.7074887;Victor Frisstraat 57
20840;0;3;1;1;1;1682708897;51.0455266, 3.7186354;KASK
12190;0;3;1;1;1;1682803916;51.0608856, 3.6999198;Acaciastraat 12b
13400;0;3;1;1;1;1683008402;51.0512725, 3.7169903;Oude Houtlei 124
12433;1;5;1;1;1;1682936735;51.0493163, 3.7269116;Grote Huidevettershoek 1
22587;0;6;1;1;1;1682957240;51.0548822, 3.7247599;2de Stadhuis hoogpoort
20810;0;6;1;1;1;1681677732;51.0394125, 3.7374997;Sint-Lievenspoort
12032;0;6;1;1;1;1682946219;51.0489671, 3.7338274;FilmFest StudioSkoop
21536;1;2;1;1;1;1683016295;51.0589886, 3.6975946;Sparrestraat 61
22586;0;3;1;1;1;1683020315;51.0554623, 3.7221769;3de Korenmarkt
15639;2;10;1;1;1;1683024904;51.0124254, 3.7077672;Zwijnaarde Overdekt
12150;1;2;1;1;1;1682966690;51.0376269, 3.7147088;Koningin Elisabethlaan 18
23898;2;4;1;1;1;1683029529;51.0623281, 3.7467302;Artevelde Hogeschool Sint Amandsberg
22583;1;5;1;1;1;1682851322;51.0504691, 3.722482;Korte Meer
22599;0;6;1;1;1;1682899857;51.0534975, 3.7314845;keizerkarelstraat 1
12080;0;8;1;1;1;1683021277;51.0610287, 3.7340166;Ham 155
12025;1;11;1;1;1;1683034817;51.0539409, 3.7251371;Goudenleeuwplein 1
21711;0;3;1;1;1;1681898132;51.0525091, 3.7062389;Korenbloemstraat 42
12151;0;3;1;1;1;1682341477;51.0344795, 3.717256;Parklaan 98
23991;1;11;1;1;1;1682821309;51.0236911, 3.6892353;IKEA
16687;0;3;1;1;1;1682881942;51.0557261, 3.738719;Kasteellaan 487
12192;0;3;1;1;1;1682951538;51.0642773, 3.6979297;Kiekenstraat 8
12423;0;6;1;1;1;1682964520;51.0566867, 3.713966;Sint-Elisabethplein 3
16588;1;2;1;1;1;1683021872;51.0685655, 3.6850426;Brugsesteenweg 370
22603;1;5;1;1;1;1683031971;51.0489781, 3.726748;Savaanstraat 47
16635;2;4;1;1;1;1682920391;51.0720608, 3.7126556;Maïsstraat 213
12205;0;6;1;1;1;1682941461;51.0502747, 3.730164;Vlaanderenstraat 85
12005;1;5;1;1;1;1683001964;51.0579855, 3.7193673;Sint-Widostraat
12388;0;3;1;1;1;1682954018;51.0648525, 3.7266142;Tolhuislaan 148
13216;0;3;1;1;1;1683022115;51.0591027, 3.6923874;Peerstraat 2
12400;4;2;1;1;1;1682959990;51.0620088, 3.7031366;Groendreef 47
18773;0;3;1;1;1;1682932509;51.0548977, 3.6992427;Rhino Boulder gym
21598;2;1;1;1;1;1683029798;51.0379481, 3.711039;Thai Center
13314;0;3;1;1;1;1682974194;51.045921, 3.7298503;Hofstraat 26
22596;4;2;1;1;1;1683015092;51.0548394, 3.7302259;Gildestraat 2
16692;0;3;1;1;1;1682817442;51.059432, 3.7123166;Hector van Wittenberghestraat 55
12070;0;3;1;1;1;1683007075;51.050248, 3.7379477;Koningin Astridpark
12024;1;11;1;1;1;1683034534;51.0555481, 3.7200885;Drabstraat 12
12391;0;3;1;1;1;1682842714;51.0605629, 3.7184658;Molenaarsstraat 22
12074;0;6;1;1;1;1682664249;51.0734858, 3.7338635;P+R Muide
19791;2;1;1;1;1;1682804563;51.0340321, 3.7636184;Braemstraat 67
22607;0;3;1;1;1;1682628918;51.0474509, 3.7232937;Bagattenstraat 54
12118;0;3;1;1;1;1682951377;51.056168, 3.7245457;Onderstraat 21a
12117;0;4;1;1;1;1683028031;51.0561403, 3.7300175;Nieuwpoort 31
21828;1;2;1;1;1;1682820042;51.0595563, 3.7035818;Emilius Seghersplein
15544;0;11;1;1;1;1683024220;51.0103657, 3.7077314;Zwijnaarde West
15558;6;5;1;1;1;1683034482;51.0262373, 3.7128156;Sterre Noord
13305;0;3;1;1;1;1682930787;51.0490068, 3.7194917;Pekelharing 2
16678;0;3;1;1;1;1683005753;51.0369233, 3.7444712;Van Den Heckestraat 7
12198;1;6;1;1;1;1682952760;51.0490388, 3.7142959;Lieven de Winnestraat 54
16700;0;3;1;1;1;1683006364;51.0406669, 3.7272728;Voetweg 19
23236;0;6;1;1;1;1682982881;51.0545363, 3.7215992;De Post - Plein tegen zinloos geweld
26735;0;5;1;1;1;1682603914;51.0566235, 3.7007879;Watt the factory
26562;0;4;1;1;1;1681747619;51.0577765, 3.7412685;Antwerpenplein 1
13304;0;3;1;1;1;1679700644;51.063655, 3.7272622;Geraard Mercatorstraat 28
23819;1;2;1;1;1;1682801910;51.0449481, 3.7076045;Jubileumlaan vlaggen
12022;12;24;1;1;1;1683031405;51.0541894, 3.7219663;Korenmarkt
23904;1;6;1;1;1;1683027888;51.0294254, 3.721627;Underground Artevelde Hogeschool The Platform
23902;0;5;1;1;1;1683033712;51.0369018, 3.7303859;Artevelde Hogeschool Stropkaai 14
12131;0;6;1;1;1;1682952378;51.0585863, 3.7022347;Haspelstraat 49
12014;3;0;1;1;1;1682941056;51.0552908, 3.7164211;Brouwerstraat 1
16699;0;15;1;1;1;1683012118;51.0396756, 3.7288916;UGent Homes
22621;0;3;1;1;1;1682692340;51.0460761, 3.7159143;Café Robot
21715;1;2;1;1;1;1682934506;51.0585165, 3.7066422;Zuidkaai  11
22589;0;6;1;1;1;1682979069;51.0553011, 3.726792;Belfortstraat 18
11999;1;23;1;1;1;1682680804;51.025282, 3.6929063;P+R The Loop tramhalte
19411;0;3;1;1;1;1682872647;51.0622929, 3.7128817;Filips Van Cleeflaan 113
12050;0;12;1;1;1;1683029583;51.0382829, 3.7231035;SMAK - Stedelijk Museum voor Actuele Kunst
21710;1;2;1;1;1;1682952797;51.0524547, 3.7053876;Karel Lodewijk Dierickxstraat 47
22595;0;3;1;1;1;1682902071;51.0547289, 3.7295318;Kwaadham
12018;1;7;1;1;1;1682967287;51.0535493, 3.7212226;Jan van Stopenberghestraat 2
16615;0;3;1;1;1;1682707013;51.0463248, 3.716357;Maurice de Weerdstraat 9
13251;2;1;1;1;1;1683014090;51.0334311, 3.72049;Krijgslaan 100
22591;0;3;1;1;1;1682985781;51.0566848, 3.7268285;Bij Sint-Jacobs 5
23894;0;6;1;1;1;1673554487;51.0600869, 3.7274059;Artevelde Hogeschool Willem de Beersteeg
12028;0;6;1;1;1;1682907511;51.0571073, 3.7286481;Bibliotheekstraat 1
26208;0;3;1;1;1;1683034101;51.0364097, 3.7222842;Plantentuin
16610;0;3;1;1;1;1683010235;51.0579847, 3.704422;Portugalstraat 13
13392;1;2;1;1;1;1682885153;51.0447751, 3.7001235;Europalaan 93
13250;0;3;1;1;1;1680630768;51.0743508, 3.7324745;Patrijsstraat 12
12435;3;3;1;1;1;1683001965;51.0739085, 3.7390308;Vliegtuiglaan 10
12061;0;12;1;1;1;1683035167;51.0503505, 3.7104104;Coupure Links 501
23834;1;12;1;1;1;1683002250;51.0231244, 3.6989272;Tramhalte Don Bosco
12133;0;3;1;1;1;1682631363;51.0602159, 3.6949114;Meibloemstraat 120
13299;1;2;1;1;1;1683021246;51.0581783, 3.7362448;Pijndersstraat 36
12187;0;3;1;1;1;1682801692;51.0556142, 3.7073491;Nieuwewandeling 18
12077;0;3;1;1;1;1682915648;51.0670694, 3.727598;Neuseplein
19990;2;4;1;1;1;1682997962;51.0541228, 3.7313433;Oude beestenmarkt
20616;0;8;1;1;1;1682893697;51.0283331, 3.7062271;Hogeschool Gent
12098;0;3;1;1;1;1683006705;51.0396446, 3.7506019;Ankerslaan 75
23103;0;3;1;1;1;1682698040;51.0322354, 3.7252528;Burggravenlaan 220
26210;1;2;1;1;1;1682932822;51.0622904, 3.6916473;Ganzerik
21775;1;2;1;1;1;1683002489;51.0601682, 3.6903478;Gatti De Gammondstraat 15
22590;0;3;1;1;1;1682972821;51.0565567, 3.7265888;Bij Sint-Jacobs 3F
12191;0;3;1;1;1;1681490464;51.0625251, 3.7004741;Notelaarstraat 43
12200;0;6;1;1;1;1682973249;51.0500352, 3.7196666;Recollettenlei 16
12008;2;14;1;1;1;1682977635;51.0499047, 3.7231159;Kouter 29
19787;2;4;1;1;1;1683024746;51.0438426, 3.7215985;Kortrijksepoortstraat
12027;0;6;1;1;1;1682851906;51.0570081, 3.7329869;Ham 1
22610;0;3;1;1;1;1682686885;51.0465527, 3.7172601;Coupure Links 99
12034;3;5;1;1;1;1682876078;51.0538692, 3.7189684;Sint-Michielsplein 16
12147;0;12;1;1;1;1683022393;51.0412335, 3.7252314;Kunstlaan 1
13324;0;3;1;1;1;1682833282;51.0472983, 3.7337091;Sint-Annastraat 3
12122;0;2;1;1;1;1682038617;51.0547336, 3.7318704;Zilverenberg 21
22539;0;6;1;1;1;1680982099;51.052252, 3.7232608;Pannenkoekenhuis
17067;1;2;1;1;1;1683030819;51.0760789, 3.7304208;Meulesteedsesteenweg 146A
22231;1;2;1;1;1;1682943654;51.0513088, 3.7315707;Lange Boomgaardstraat 29
12210;2;3;1;1;1;1682846904;51.0337559, 3.7406861;Botermarkt
13323;0;3;1;1;1;1682815877;51.0490999, 3.7296768;Kuiperskaai 24
13326;1;2;1;1;1;1682890929;51.0684882, 3.7294424;Voormuide 41
26439;1;4;1;1;1;1683011460;51.0551047, 3.7065574;Watt The Firms
12082;1;5;1;1;1;1683028801;51.0635508, 3.7256125;Tolhuislaan 77
16589;1;2;1;1;1;1683029740;51.0669537, 3.6976044;Lijsterstraat 1
22292;1;5;1;1;1;1683029964;51.0646903, 3.7521296;Verkortingstraat 102
13393;1;5;1;1;1;1682700055;51.0545013, 3.7444318;Neringstraat 2
12201;1;11;1;1;1;1683035217;51.0567632, 3.7213245;Sint-Veerleplein 4c
12135;0;3;1;1;1;1681720952;51.0302418, 3.7060293;Voskenslaan 183
13243;1;2;1;1;1;1682693130;51.0566492, 3.7573754;Oscar Colbrandtstraat 153
21317;1;2;1;1;1;1682596224;51.0725219, 3.7126014;Anjelierstraat
22593;0;3;1;1;1;1682196888;51.0564071, 3.7284633;St-John
16611;0;3;1;1;1;1683010948;51.0521476, 3.7028285;Koolkapperstraat 18
13306;1;2;1;1;1;1682892584;51.0552526, 3.7125234;Hoogstraat 71
23901;0;6;1;1;1;1682017059;51.0429092, 3.73865;Artevelde Hogeschool Brusselsepoortstraat
21847;0;3;1;1;1;1682968822;51.0587496, 3.713344;Hector van Wittenberghe
13165;0;3;1;1;1;1682923228;51.0580561, 3.7422591;Kogelstraat 2
13276;1;2;1;1;1;1682955691;51.0527592, 3.7334048;Kozijntjesstraat 1
23130;0;16;1;1;1;1682950968;51.0365714, 3.7386892;P+R Ledeberg
13212;2;1;1;1;1;1683020388;51.0729727, 3.7097549;Edmond Van Beverenplein 7
22594;0;6;1;1;1;1682803718;51.0556282, 3.7283088;Vlasmarkt
13258;0;6;1;1;1;1683008053;51.0347921, 3.7258515;Zwijnaardsesteenweg 99
12031;2;14;1;1;1;1682957582;51.0483397, 3.7309618;Woodrow Wilsonplein
22547;0;12;1;1;1;1682893431;51.053937, 3.7211362;Sint-Michielsbrug (bovenaan parkeren)
18654;3;30;1;1;1;1683031301;51.0465209, 3.7270528;Sint-Pietersnieuwstraat 35
12367;0;12;1;1;1;1683024056;51.0385755, 3.730624;Tentoonstellingslaan 128
16607;1;5;1;1;1;1683017181;51.0543356, 3.6902522;Nadine Crappéstraat 12
12392;1;4;1;1;1;1683011835;51.0630685, 3.7159931;Opgeëistenlaan 401
21323;2;0;1;1;1;1683020212;51.0740496, 3.7284415;Kopenhagenstraat
16613;0;3;1;1;1;1683020326;51.0485769, 3.7094228;Martelaarslaan 406
19356;0;12;1;1;1;1683014763;51.0383084, 3.7567656;Station Gentbrugge
13195;0;6;1;1;1;1682931053;51.0455618, 3.7477834;Bassijnstraat 2
13192;0;2;1;1;1;1682908686;51.0494013, 3.7597954;Emiel Lossystraat 55h
18459;5;11;1;1;1;1683034238;51.0391223, 3.7261586;Dronkey
13127;0;3;1;1;1;1682956807;51.0505956, 3.7278433;François Laurentplein 10
22605;0;3;1;1;1;1682425875;51.0476075, 3.7248735;De Harp
17066;1;2;1;1;1;1682979018;51.0713864, 3.6864705;Adriaan Pietersstraat 1
12140;1;2;1;1;1;1683016044;51.0339931, 3.7089561;Reigerstraat 50
16655;1;3;1;1;1;1683028492;51.0398793, 3.7027029;Duifhuisstraat 73
12044;1;5;1;1;1;1683025725;51.059505, 3.7186538;Molenaarsstraat 3
13226;0;3;1;1;1;1682927756;51.0626144, 3.6932442;Druifstraat 6
12067;0;6;1;1;1;1682977142;51.0618368, 3.7243753;Fratersplein 1
13259;0;3;1;1;1;1683022487;51.0354645, 3.7240804;Victoriastraat 9
24698;1;5;1;1;1;1683030290;51.0440697, 3.7186644;Bijloke site
19923;0;6;1;1;1;1682892331;51.0419677, 3.7397721;Keizervest 1
16712;0;3;1;1;1;1682959962;51.0449118, 3.7429104;Vlaamsekaai 86
12013;0;6;1;1;1;1682882848;51.0514117, 3.7286276;Vlaanderenstraat 3
12437;3;8;1;1;1;1683025873;51.0601714, 3.7607947;Victor Braeckmanlaan 180
12125;0;3;1;1;1;1682865239;51.0587906, 3.7285286;Gelukstraat 27
21538;0;3;1;1;1;1683015230;51.06047, 3.698906;Acaciapark
16648;2;4;1;1;1;1683017952;51.0263776, 3.7219716;Zwijnaardsesteenweg 439
12149;0;6;1;1;1;1682933944;51.0416931, 3.719268;Charles de Kerchovelaan 4b
12057;0;24;1;1;1;1682787579;51.0433045, 3.7177672;STAM - Stadsmuseum Gent
12092;0;3;1;1;1;1683025821;51.0458166, 3.7410848;Lousbergpark
21714;0;6;1;1;1;1682854220;51.0544723, 3.7087806;Coupure 669
15560;0;12;1;1;1;1682859191;51.0265572, 3.7141567;Sterre Hoofdingang
21263;1;2;1;1;1;1682741675;51.0632119, 3.7000761;Lobeliastraat
18655;0;12;1;1;1;1682964713;51.0455922, 3.7267941;Sint-Pietersnieuwstraat 41
22545;0;3;1;1;1;1683028136;51.0520591, 3.7278779;Limburgstraat
12046;0;12;1;1;1;1682959279;51.047529, 3.7289608;Muinkkaai 1
13207;0;5;1;1;1;1683035295;51.0404691, 3.7429901;Brusselsesteenweg 316
21537;0;3;1;1;1;1683010126;51.0595685, 3.6985802;Sparrestraat 23
23129;8;4;1;1;1;1683009584;51.0364314, 3.7130812;3de Gent-Sint-Pietersstation Noord
15559;0;12;1;1;1;1683034662;51.0240214, 3.713336;Sterre Zuid
12052;1;12;1;1;1;1683032424;51.0417154, 3.7293423;Muinkkaai 119
24241;2;1;1;1;1;1683021495;51.0590604, 3.7075347;Guldenvliesstraat 2-32
12058;1;11;1;1;1;1683022353;51.045314, 3.7145362;FilmFest KASKCinema
16708;0;6;1;1;1;1682909300;51.0444101, 3.7340243;Vijfwindgatenstraat 23
12130;0;4;1;1;1;1682878718;51.0553219, 3.697488;Kaarderijstraat 31
22588;0;6;1;1;1;1683032094;51.0547416, 3.725299;Stadhuis hoogpoort
19280;3;3;1;1;1;1683022497;51.066559, 3.7285682;Justus De Harduwijnlaan 3
12120;0;6;1;1;1;1682816278;51.0551683, 3.7238052;Hoogpoort 44
12311;2;2;1;1;1;1683035120;51.0449175, 3.753857;Vincent Evrardlaan 8
21262;0;3;1;1;1;1683034397;51.0612925, 3.7024551;Beukelaarstraat
12093;1;2;1;1;1;1682974116;51.0407726, 3.7447574;Wazenaarstraat 3
13268;1;5;1;1;1;1683012668;51.0411883, 3.7152769;Beemdstraat 5
18456;3;0;1;1;1;1682975126;51.0731978, 3.731295;Kajuitstraat
24255;1;2;1;1;1;1682671935;51.0811966, 3.7048535;Roodborstjesstraat
24074;0;6;1;1;1;1683007234;51.0268164, 3.700914;Bezoekers parking Maria Middelares
16697;0;12;1;1;1;1682796220;51.05723, 3.7297606;Steendam 27/29
22613;0;3;1;1;1;1682462323;51.0501806, 3.7102739;Coupure Links 431
21815;0;3;1;1;1;1683008433;51.0410138, 3.7335682;Raveschootstraat
21522;4;9;1;1;1;1683033814;51.0476701, 3.727033;FilmFest vierNulvier
16621;3;2;1;1;1;1682874577;51.0015523, 3.7124946;Heerweg-Zuid 24
12194;3;3;1;1;1;1682978605;51.0499168, 3.7173279;Iepenstraat 2
16650;2;4;1;1;1;1682923465;51.0315026, 3.7204142;Krijgslaan 163
13328;0;3;1;1;1;1682947940;51.0478695, 3.7412392;Forelstraat 57
23589;1;2;1;1;1;1682762737;51.0643705, 3.7374126;Kompasplein 2
12146;1;3;1;1;1;1683010285;51.0454271, 3.7351025;Lange Violettestraat 227a
18784;0;12;1;1;1;1683016671;51.0666684, 3.7319924;Dok Noord 2
12152;1;2;1;1;1;1683002916;51.0391337, 3.7165106;Lamoraal van Egmontstraat 1
13273;1;2;1;1;1;1682946949;51.0403183, 3.7138052;Meersstraat 102
12033;0;12;1;1;1;1683009588;51.0505419, 3.7349825;Filips van Arteveldestraat
23814;0;12;1;1;1;1682975036;51.0403997, 3.7296512;FilmFest Kinepolis
12000;2;20;1;1;1;1682950730;51.0447825, 3.6871504;Strandlaan 26
12317;3;3;1;1;1;1683034620;51.0464758, 3.721487;Verlorenkost 11
22614;0;3;1;1;1;1682939349;51.0506898, 3.7102022;Coupure Links 503
22611;0;3;1;1;1;1682786089;51.0468605, 3.7151619;Coupure Links 187
12183;2;4;1;1;1;1683032004;51.0508322, 3.7022726;Einde Were 50
18658;0;12;1;1;1;1682997497;51.0440229, 3.7251746;Blandijnberg 2
16652;1;2;1;1;1;1682974388;51.0318595, 3.7110521;Tuinwijklaan 9
11997;1;2;1;1;1;1682689311;51.0459356, 3.7260213;Gustaaf Mangelstraat
13190;1;2;1;1;1;1683009219;51.0476303, 3.7511836;Wolterslaan 160
13531;1;2;1;1;1;1683006390;51.0537828, 3.7117455;Marialand
9494;1;23;1;1;1;1683024178;51.0504554, 3.7207372;Koophandelsplein
12023;0;12;1;1;1;1683030213;51.0557623, 3.722004;Groentenmarkt
22612;0;3;1;1;1;1682364761;51.0490795, 3.7116894;Coupure Links 323
13396;0;3;1;1;1;1682695379;51.0402522, 3.7189144;Filips van Marnixstraat 75
13322;1;2;1;1;1;1683033374;51.0425649, 3.7366551;Ommegangstraat 2
22542;0;12;1;1;1;1683013878;51.051762, 3.7247029;Paddenhoek
16628;0;6;1;1;1;1682878110;51.0684514, 3.691455;Linnenstraat 127
16705;0;3;1;1;1;1682742059;51.0419186, 3.7316075;François Benardstraat 80
12129;0;3;1;1;1;1682878678;51.0569827, 3.6998732;Drongensesteenweg 54
12189;0;3;1;1;1;1682489779;51.059938, 3.6992412;Sparrestraat 2
21776;3;1;1;1;1;1683016353;51.060323, 3.6892785;Charlotte Despardstraat 30
12115;0;4;1;1;1;1681055794;51.0548227, 3.7335079;Nieuwbrugkaai 79
12090;0;3;1;1;1;1682604590;51.0419568, 3.7412126;Brusselsesteenweg 1a
21444;12;22;1;1;1;1683032377;51.0370561, 3.7102414;2de Gent-Sint-Pietersstation Noord
16967;3;3;1;1;1;1682947947;51.0678339, 3.7281344;Bar Oswald
12409;0;6;1;1;1;1681590269;51.0743332, 3.7219552;P+R Galveston
13177;0;3;1;1;1;1682576595;51.049713, 3.7445566;Forelstraat 147
12428;1;6;1;1;1;1683026702;51.0298803, 3.728336;De Pintelaan 28
12002;1;5;1;1;1;1683032208;51.0460194, 3.7027896;Yachtdreef
13199;0;3;1;1;1;1682780978;51.0384054, 3.7498162;Ankerslaan 19
22592;0;3;1;1;1;1682906406;51.0566891, 3.7286189;Laperre
16653;2;1;1;1;1;1682960383;51.0312383, 3.7132221;Kortrijksesteenweg 600
17180;9;27;1;1;1;1683029521;51.0360093, 3.7119168;Gent-Sint-Pietersstation Noord
20360;1;7;1;1;1;1682776531;51.0351449, 3.7044468;HoGent Sporthal
21753;0;3;1;1;1;1682795113;51.0337271, 3.7630913;Braemstraat 65
13159;1;5;1;1;1;1683028325;51.0614482, 3.7485343;Antwerpsesteenweg 235
21521;0;3;1;1;1;1682644577;51.0476374, 3.7245007;Pollepelstraat
23893;1;5;1;1;1;1682734680;51.0482402, 3.7025284;Artevelde Hogeschool Watersportbaan
13309;1;2;1;1;1;1683020558;51.0609376, 3.7277436;Huidevetterskaai 39/40
12099;0;3;1;1;1;1683022599;51.0382642, 3.7472752;Brusselsesteenweg 444
23150;0;1;1;1;1;1682718368;51.0630511, 3.7278671;Aleksander BizDev
13196;0;6;1;1;1;1682785745;51.0440985, 3.7494853;Kerkstraat 130
16691;1;5;1;1;1;1683023360;51.0521876, 3.7204115;Jakobijnenstraat 4
22615;0;3;1;1;1;1681651823;51.0504521, 3.7096885;Rozemarijnstraat 2
20520;0;12;1;1;1;1682884003;51.0716931, 3.7351387;Kapitein Zeppos
12425;0;12;1;1;1;1683026408;51.0366069, 3.7245323;Campus Ledeganck
12086;0;6;1;1;1;1682913117;51.0373771, 3.7426545;Hoveniersstraat 15
22606;0;3;1;1;1;1682841882;51.0482267, 3.7242522;De Harp 2
13315;0;6;1;1;1;1682890524;51.0476964, 3.7123697;Bijlokevest 79
13173;1;2;1;1;1;1683015936;51.0600721, 3.7050422;Batterijstraat 31
17178;13;12;1;1;1;1683031450;51.0566121, 3.74037;Station Dampoort
24644;3;3;1;1;1;1682439499;50.9981899, 3.7670214;Faculteit Diergeneeskunde
22608;0;6;1;1;1;1682880957;51.0474323, 3.7222758;Studentenhuis
13162;0;3;1;1;1;1681505738;51.0655317, 3.6993996;Groendreef 133
12142;1;4;1;1;1;1682420190;51.0359502, 3.6954795;Sint-Denijslaan 431
13404;4;8;1;1;1;1682931297;51.0671332, 3.682853;P+R Bourgoyen
26596;0;4;1;1;1;1682610490;51.0424153, 3.7162754;Hogent Mercator
12068;0;3;1;1;1;1682248064;51.0509493, 3.7320597;Belgradostraat 67
12203;3;0;1;1;1;1683034084;51.053271, 3.7288154;Nederpolder 26
23144;0;3;1;1;1;1683012937;51.0559268, 3.708326;Coupure Links Einde
18800;0;3;1;1;1;1682957382;51.0464312, 3.732826;Hubert Frere Orbanlaan
18113;1;5;1;1;1;1679942199;51.0691143, 3.7387751;Fjordenstraat
22601;1;2;1;1;1;1683033913;51.0507922, 3.7279178;2de François Laurentplein
17122;0;3;1;1;1;1683013396;51.0392918, 3.7244372;Charles de Kerchovelaan 307
12143;0;3;1;1;1;1682862334;51.026298, 3.7316947;Melkerijstraat 49
12056;1;11;1;1;1;1683034311;51.0466084, 3.7194902;Coupure Links 15
12767;0;3;1;1;1;1682869412;51.0446084, 3.7587073;Emanuel Hielstraat 30
12063;0;3;1;1;1;1682874322;51.0572295, 3.7172372;Abrahamstraat
12075;2;1;1;1;1;1682869527;51.0700658, 3.7303195;Dok-Noord 31
17065;0;3;1;1;1;1682939545;51.0706364, 3.6930576;Vaartstraat 2/110
20361;2;7;1;1;1;1683027012;51.0343421, 3.7042949;XIOR Student Housing
13267;0;3;1;1;1;1682803943;51.056694, 3.7355042;Jan van Gentstraat 36
12318;0;6;1;1;1;1682945201;51.0474557, 3.7224092;Rijksarchief
21707;1;2;1;1;1;1683003056;51.0311431, 3.7137303;Blauw Kotje
22609;0;3;1;1;1;1682576665;51.0469277, 3.7186038;Hospitaalbrug
23147;1;0;1;1;1;1682939307;;
13295;0;12;1;1;1;1682977187;51.0566856, 3.7260831;Vrijdagsmarkt 36
12369;0;6;1;1;1;1682866688;51.0440376, 3.7401502;Ferdinand Lousbergskaai 139
16651;2;0;1;1;1;1682978339;51.0312607, 3.7226933;Diksmuidestraat 52
14695;1;5;1;1;1;1683034467;51.0523184, 3.7257917;Lange Kruisstraat 31
12071;0;6;1;1;1;1682947182;51.0555557, 3.7361641;Lucas Munichstraat 29
13220;0;3;1;1;1;1682056618;51.0653969, 3.6964434;Wielewaalstraat 70
21713;0;3;1;1;1;1682788583;51.0520113, 3.7043322;Brankardierstraat 48
12436;2;4;1;1;1;1682857450;51.0741012, 3.7440595;P+R WEBA/Decathlon
13325;1;2;1;1;1;1683024628;51.0560957, 3.7444236;Wasstraat 116
16476;1;5;1;1;1;1683034866;51.0331016, 3.7238981;Corbiestraat 36
12038;1;2;1;1;1;1683020313;51.0601723, 3.7256821;Achterleie 9
16604;0;6;1;1;1;1681881758;51.0761568, 3.7153936;Fietssnelweg
13245;1;2;1;1;1;1683025342;51.0565756, 3.7495297;Wittemolenstraat 40
12438;2;4;1;1;1;1683012784;51.0363702, 3.7357186;Gaston Crommenlaan 8
22217;0;12;1;1;1;1682969266;51.0495672, 3.6873179;P+R Watersportbaan
19610;3;29;1;1;1;1683030318;51.0349961, 3.7091477;Gent-Sint-Pietersstation Zuid
24168;0;3;1;1;1;1683034823;51.0590581, 3.724778;Oudburg 55
12124;0;3;1;1;1;1682902071;51.0588285, 3.7267639;Ottogracht 55
21712;1;2;1;1;1;1682957855;51.0514793, 3.7047536;Brankardierstraat 18
12377;1;2;1;1;1;1682958774;51.0639684, 3.7295391;Doornzelestraat 1
12016;1;8;1;1;1;1683029139;51.0535559, 3.7308213;Reep
12186;0;2;1;1;1;1682969168;51.0568008, 3.7039706;Leiestraat 3
22216;1;2;1;1;1;1683012730;51.065956, 3.7091989;Nieuwevaart
22602;0;3;1;1;1;1681451660;51.0500002, 3.7277666;Sint-Jansvest
21329;0;3;1;1;1;1682088929;51.0516768, 3.7365961;LDC De Horizon
16706;0;6;1;1;1;1683009073;51.0392616, 3.7364216;Hubert Frère-Orbanlaan 634
16664;0;6;1;1;1;1682615017;51.0335332, 3.7315122;Sint-Juliaanstraat 28/32
13389;0;6;1;1;1;1682802080;51.0566811, 3.7085281;Waldamkaai 13
12434;2;14;1;1;1;1683034607;51.0488106, 3.7038527;UGent Campus Dunant
12373;1;2;1;1;1;1683008835;51.0487779, 3.7430119;Forelstraat 109
22585;1;6;1;1;1;1683022745;51.0550299, 3.7220518;2de Korenmarkt
13286;4;2;1;1;1;1682972963;51.0417894, 3.7068596;Sportstraat 212
13395;2;5;1;1;1;1683035241;51.0352341, 3.7303494;Lentestraat 35
13169;1;2;1;1;1;1682788952;51.0585209, 3.7475825;Land van Waaslaan 128
12026;0;12;1;1;1;1682978064;51.0573906, 3.7252658;Vrijdagsmarkt
22604;0;6;1;1;1;1682896815;51.0482246, 3.7272741;Sint-Pietersnieuwstraat 13A
21848;2;1;1;1;1;1683028881;51.0525839, 3.7088423;Ekkergemstraat 9
23926;0;3;1;1;1;1682807690;51.0642746, 3.7074351;schommelstraat 46
12047;1;2;1;1;1;1683007440;51.0449481, 3.728668;Muinkkaai 34
12141;0;6;1;1;1;1682854812;51.0377762, 3.7064453;Koningin Fabiolalaan 29
12413;0;6;1;1;1;1683008846;51.0630376, 3.7101848;Bij Sint-Jozef 30
18301;0;6;1;1;1;1683029426;51.0648827, 3.7379278;Kompasplein
21185;1;8;1;1;1;1683007545;51.0288152, 3.6939096;Networks Gent
13239;4;0;1;1;1;1683010425;51.043432, 3.7119298;Groot-Brittanniëlaan 147
22600;1;5;1;1;1;1682953731;51.051422, 3.7281736;François Laurentplein
18457;2;1;1;1;1;1683004098;51.0780114, 3.7300475;Dukkeldamstraat
17268;0;3;1;1;1;1683011166;51.0538571, 3.7016084;Johannes Schrantstraat
12214;0;3;1;1;1;1683028765;51.0429103, 3.7435828;Neerscheldestraat 33
13249;1;2;1;1;1;1682447103;51.084941, 3.7274245;Meulesteedsesteenweg 438/498
12197;0;6;1;1;1;1682942231;51.0565679, 3.7196593;Burgstraat 5
13193;0;3;1;1;1;1682761483;51.05023, 3.7526381;Gentbruggestraat 90
23145;0;6;1;1;1;1682936936;51.05695, 3.7074666;Hembysebolwerk
22616;0;3;1;1;1;1682939485;51.0501587, 3.7095041;Bernard Spaelaan 2
21333;0;12;1;1;1;1683019957;51.0522008, 3.7222339;Volderstraat b&b hotel
16449;0;3;1;1;1;1682871309;51.0513956, 3.7059044;Ekkergemstraat 34
12078;0;12;1;1;1;1682954911;51.0661776, 3.7340293;Dok-Noord 5
13215;0;6;1;1;1;1683009543;51.0676195, 3.70002;Welvaartstraat 1
15995;9;7;1;1;1;1683011173;51.0147138, 3.7343618;KAA Gent Stadion
12411;3;1;1;1;1;1683029600;51.0697486, 3.7046855;Hortensiastraat 109
12204;0;6;1;1;1;1683024981;51.0506548, 3.7263568;Gouvernementstraat 34
12079;0;6;1;1;1;1683003419;51.0642826, 3.7339905;Stapelplein 31
19383;0;6;1;1;1;1683026388;51.0604647, 3.7107695;Filips van Cleeflaan
24521;1;2;1;1;1;1682648347;51.0704647, 3.7124978;resto
16698;2;11;1;1;1;1683026727;51.050446, 3.7247839;Kouter 175
